Date,close1,volume1,close2,volume2,spread,spread_mean,spread_std,z_score
2021-01-14,3250.699951171875,6931542,1370.5,27521697,1880.199951171875,1782.239990234375,53.55879443591986,1.82901728780889
2021-01-15,3233.35009765625,4131692,1344.949951171875,15018441,1888.400146484375,1804.3,46.09644289750428,1.8244389631402194
2021-01-18,3221.75,4160906,1312.050048828125,8861765,1909.699951171875,1820.15,52.60043087245395,1.702456608939507
2021-01-19,3260.699951171875,2975735,1316.6500244140625,5585744,1944.0499267578125,1834.6349975585938,64.73482980906383,1.6902018514907566
2021-01-20,3308.800048828125,3453446,1339.449951171875,8225838,1969.35009765625,1854.6300048828125,72.732338068255,1.5772914197503107
2021-01-21,3273.85009765625,2778546,1339.699951171875,6142421,1934.150146484375,1870.9800170898438,70.0852844096032,0.9013322828989687
2021-01-22,3303.10009765625,3052459,1340.8499755859375,9646591,1962.2501220703125,1886.3250366210937,71.73771362267209,1.0583705782508153
2021-01-25,3291.300048828125,2272887,1325.0999755859375,6542611,1966.2000732421875,1902.9200439453125,68.74579814817487,0.920493048323929
2021-01-27,3261.050048828125,2786662,1301.0,8133665,1960.050048828125,1918.6150390625,60.89184394458017,0.6804689607254534
2021-01-28,3196.550048828125,3083938,1276.199951171875,4660690,1920.35009765625,1933.4700561523437,32.68021458965014,-0.40146488206502673
2021-01-29,3111.35009765625,5445659,1239.050048828125,12183519,1872.300048828125,1932.6800659179687,34.17242666299667,-1.7669221353608378
2021-02-01,3139.35009765625,3985846,1260.9000244140625,8880279,1878.4500732421875,1931.68505859375,35.715034402208175,-1.490548343088565
2021-02-02,3203.449951171875,2881837,1271.25,6892490,1932.199951171875,1933.93505859375,34.874964447889234,-0.04975223485797748
2021-02-03,3200.050048828125,2505866,1284.6500244140625,8182968,1915.4000244140625,1931.070068359375,35.12758262677639,-0.4460894480500869
2021-02-04,3188.449951171875,2057261,1279.3499755859375,5032240,1909.0999755859375,1925.0450561523437,32.93063444299599,-0.4842020457883271
2021-02-05,3157.949951171875,2366135,1272.0999755859375,5477481,1885.8499755859375,1920.2150390625,34.928341219535774,-0.9838733325630056
2021-02-08,3214.10009765625,2526592,1303.550048828125,6921922,1910.550048828125,1915.0450317382813,31.691350482368755,-0.14183626894212178
2021-02-09,3176.89990234375,2658751,1305.550048828125,7965949,1871.349853515625,1905.560009765625,28.736057815520763,-1.190495803899815
2021-02-10,3213.300048828125,2127983,1296.5,5951207,1916.800048828125,1901.235009765625,22.1157737576255,0.7037980779276727
2021-02-11,3206.0,1165882,1292.6500244140625,4673317,1913.3499755859375,1900.5349975585937,21.546984014132107,0.5947457898951811
2021-02-12,3190.800048828125,2777404,1309.800048828125,5797875,1881.0,1901.4049926757812,20.426800384979398,-0.9989323972042986
2021-02-15,3139.85009765625,2630853,1309.6500244140625,4363513,1830.2000732421875,1896.5799926757813,29.936402108937372,-2.2173646382768366
2021-02-16,3108.800048828125,3435770,1290.4000244140625,6896421,1818.4000244140625,1885.2,35.9227213801197,-1.859546632870245
2021-02-17,3073.10009765625,3678426,1281.300048828125,4575741,1791.800048828125,1872.8400024414063,44.59420890404381,-1.8172752831575094
2021-02-18,3057.35009765625,4189909,1292.449951171875,6437551,1764.900146484375,1858.42001953125,53.9080070225482,-1.7348048687416393
2021-02-19,3071.85009765625,3725028,1291.300048828125,5389696,1780.550048828125,1847.8900268554687,58.07770788723142,-1.159480642006339
2021-02-22,2958.449951171875,5366696,1265.199951171875,7371303,1693.25,1826.1600219726563,71.1980881540187,-1.8667639176650324
2021-02-23,2980.199951171875,3832829,1266.3499755859375,6612942,1713.8499755859375,1810.4100341796875,77.25377682303157,-1.249907286927138
2021-02-24,2948.10009765625,3774549,1274.300048828125,4537258,1673.800048828125,1786.1100341796875,78.2814489033456,-1.4346947702798922
2021-02-25,2995.300048828125,4224073,1274.550048828125,8788221,1720.75,1766.8500366210938,66.26908404460421,-0.6956492199298373
2021-02-26,2894.300048828125,5553153,1253.300048828125,15132388,1641.0,1742.8500366210938,63.746321095697596,-1.5977398361262902
2021-03-01,2924.199951171875,3265871,1267.0,5756286,1657.199951171875,1725.5500244140626,60.81423909948093,-1.1239156199978004
2021-03-02,3006.35009765625,3306469,1304.5,10461434,1701.85009765625,1713.8950317382812,51.49705555858924,-0.23389558784244355
2021-03-03,3059.10009765625,3509857,1343.550048828125,9056399,1715.550048828125,1706.2700317382812,43.741236232896505,0.21215717453510302
2021-03-04,3049.699951171875,3916760,1330.3499755859375,12041941,1719.3499755859375,1701.7150146484375,39.080791663863145,0.45124369765023165
2021-03-05,3008.050048828125,3203686,1316.699951171875,6486176,1691.35009765625,1692.79501953125,27.573296774041438,-0.0524029421233516
2021-03-08,3006.949951171875,2003125,1335.75,5119392,1671.199951171875,1690.5900146484375,28.402073006875757,-0.6826988815875684
2021-03-09,3050.949951171875,1942397,1345.550048828125,6518173,1705.39990234375,1689.7450073242187,27.751409126875384,0.564111715839704
2021-03-10,3070.949951171875,3053778,1368.1500244140625,7925984,1702.7999267578125,1692.6449951171876,27.413209112735032,0.3704393600495081
2021-03-12,3057.949951171875,2938317,1374.8499755859375,9462061,1683.0999755859375,1688.8799926757813,25.653286489211073,-0.22531292792737026
2021-03-15,3066.14990234375,3097083,1373.5999755859375,6658635,1692.5499267578125,1694.0349853515625,19.373679716844865,-0.07665340892668615
2021-03-16,3110.050048828125,4894756,1384.0,9352771,1726.050048828125,1700.9199951171875,16.905509107323546,1.4865008531479889
2021-03-17,3112.949951171875,3838390,1387.0,7626744,1725.949951171875,1703.32998046875,18.677733204776253,1.2110661639251135
2021-03-18,3036.5,3656306,1337.0999755859375,10961755,1699.4000244140625,1701.7149780273437,18.195700389700335,-0.1272253094797924
2021-03-19,3050.199951171875,5776626,1344.449951171875,12767112,1705.75,1700.35498046875,17.212863225829548,0.3134295242150218
2021-03-22,3129.64990234375,2821646,1370.800048828125,4862758,1758.849853515625,1707.1049560546876,24.836094920444186,2.0834554557263694
2021-03-23,3142.60009765625,3305973,1371.550048828125,7165335,1771.050048828125,1717.0899658203125,28.585710906069618,1.8876592989106011
2021-03-24,3121.10009765625,2207104,1353.75,6134303,1767.35009765625,1723.2849853515625,32.24890421945919,1.366406498801233
2021-03-25,3064.85009765625,3179786,1333.800048828125,8749994,1731.050048828125,1726.1099975585937,31.483290198858132,0.15691026059628502
2021-03-26,3066.800048828125,3697370,1336.199951171875,4922071,1730.60009765625,1730.860009765625,27.619338846457413,-0.009410511628095928
2021-03-30,3158.550048828125,4694008,1385.300048828125,10546381,1773.25,1738.9300170898437,26.963863749500238,1.2728139864893229
2021-03-31,3177.85009765625,3530069,1368.050048828125,8220987,1809.800048828125,1747.3050170898437,34.478191337064054,1.812596000971176
2021-04-01,3165.0,4285076,1385.199951171875,5675155,1779.800048828125,1752.6900268554687,34.97398405549989,0.7751482338882438
2021-04-05,3238.89990234375,5317862,1409.9000244140625,9479572,1828.9998779296875,1765.6500122070313,36.987044059097734,1.7127582734493751
2021-04-06,3264.699951171875,2291562,1411.050048828125,5793571,1853.64990234375,1780.4400024414062,39.83424537925188,1.837863356148224
2021-04-07,3271.39990234375,2491268,1430.199951171875,5879234,1841.199951171875,1788.6750122070312,43.24142423019676,1.2146903091171573
2021-04-08,3317.35009765625,2578118,1439.8499755859375,5654434,1877.5001220703125,1799.32001953125,50.85325939940916,1.5373666007329883
2021-04-09,3322.25,2911129,1441.050048828125,6052712,1881.199951171875,1810.7050048828125,55.43820815418382,1.2715949637658397
2021-04-12,3246.550048828125,3791828,1425.75,20384532,1820.800048828125,1819.6800048828125,47.85631962018451,0.023404305934970834
2021-04-13,3104.050048828125,8654596,1397.1500244140625,14855206,1706.9000244140625,1817.3099975585938,53.06177817116511,-2.080781627565779
2021-04-15,3218.949951171875,6062760,1360.75,25342491,1858.199951171875,1825.8049926757812,52.01391504566212,0.6228133080860146
2021-04-16,3195.14990234375,3224657,1353.75,10879878,1841.39990234375,1828.9649780273437,51.89328165803446,0.23962493639060575
2021-04-19,3161.800048828125,2679106,1362.550048828125,12508028,1799.25,1830.9099731445312,50.182083707571486,-0.6309019236631337
2021-04-20,3144.550048828125,3141893,1351.3499755859375,8560766,1793.2000732421875,1827.3299926757813,51.59069598769404,-0.661551831782515
2021-04-22,3118.800048828125,1988980,1351.0999755859375,6622446,1767.7000732421875,1818.735009765625,53.82961963136809,-0.9480828003788803
2021-04-23,3109.5,1615309,1333.800048828125,7316262,1775.699951171875,1812.185009765625,54.76918154370013,-0.6661603764269995
2021-04-26,3100.800048828125,2490260,1343.550048828125,7088606,1757.25,1800.1599975585937,51.96446589255187,-0.8257565400040799
2021-04-27,3132.0,1471417,1348.5,3636115,1783.5,1790.3900024414063,43.53581518014079,-0.15826055887312812
2021-04-28,3124.10009765625,1639037,1356.0,4879234,1768.10009765625,1785.1200073242187,42.62582065594026,-0.3992863810258827
2021-04-29,3115.25,1621395,1356.3499755859375,5412357,1758.9000244140625,1790.3200073242188,34.401820133816685,-0.9133232714995415
2021-04-30,3035.64990234375,3072305,1354.3499755859375,8354677,1681.2999267578125,1772.6300048828125,40.55133424692185,-2.25220895492317
2021-05-03,3037.0,1545831,1352.050048828125,4560337,1684.949951171875,1756.985009765625,41.245243069348525,-1.7465058569937946
2021-05-04,3049.75,1990777,1329.4000244140625,4887060,1720.3499755859375,1749.0950073242188,39.78247189016758,-0.7225551951030426
2021-05-05,3095.699951171875,1939289,1341.5,3939788,1754.199951171875,1745.1949951171875,36.77636361568414,0.2448571628448627
2021-05-06,3111.449951171875,1791671,1361.5999755859375,4810090,1749.8499755859375,1743.4099853515625,35.98739901418497,0.17895125546129706
2021-05-07,3132.89990234375,1912540,1352.550048828125,4991435,1780.349853515625,1743.8749755859376,36.47767322985419,0.999923369559534
2021-05-10,3145.5,2137153,1339.550048828125,7195348,1805.949951171875,1748.744970703125,41.382804520557265,1.3823369665613852
2021-05-11,3122.60009765625,2415625,1330.6500244140625,6420988,1791.9500732421875,1749.5899780273437,42.24854637878659,1.0026402999775919
2021-05-12,3087.60009765625,1978558,1327.0,5241898,1760.60009765625,1748.8399780273437,41.948950782337455,0.2803435940490287
2021-05-14,3051.5,2043935,1316.4000244140625,4824609,1735.0999755859375,1746.4599731445312,41.989905065934224,-0.27054115842262044
2021-05-17,3069.75,2890462,1329.4000244140625,5017129,1740.3499755859375,1752.3649780273438,35.45134184171291,-0.33891530805948655
2021-05-18,3088.800048828125,2098538,1340.0,5620150,1748.800048828125,1758.7499877929688,26.607054458467115,-0.3739586800325973
2021-05-19,3082.0,1986041,1337.0,4435878,1745.0,1761.214990234375,23.62944720999105,-0.6862196178469573
2021-05-20,3060.0,2329027,1339.300048828125,4490092,1720.699951171875,1757.864990234375,26.884918523702826,-1.3823749932414267
2021-05-21,3080.5,1685566,1354.5,4969733,1726.0,1755.4799926757812,28.67334148165504,-1.0281324447184592
2021-05-24,3081.5,1652260,1348.050048828125,4225371,1733.449951171875,1750.7900024414062,27.980741932816073,-0.6197137771101983
2021-05-25,3114.0,1841613,1361.5999755859375,4099340,1752.4000244140625,1745.435009765625,20.329261978256916,0.3426103050807722
2021-05-26,3158.5,1923753,1397.25,6850024,1761.25,1742.3650024414062,13.790992911649784,1.3693718559336585
2021-05-27,3180.0,5959785,1402.25,15365391,1777.75,1744.0799926757813,17.00291089160205,1.9802495901362807
2021-05-28,3143.60009765625,1763701,1405.050048828125,4261312,1738.550048828125,1744.425,16.834620678749886,-0.34898031170318117
2021-05-31,3159.14990234375,1652799,1393.75,4429904,1765.39990234375,1746.9299926757812,17.985274538027603,1.0269462180805995
2021-06-01,3153.0,1377441,1387.199951171875,4791325,1765.800048828125,1748.6299926757813,18.958764642870207,0.9056526875974917
2021-06-02,3129.449951171875,2240078,1378.6500244140625,9272276,1750.7999267578125,1749.2099853515624,18.924060707963665,0.08401692590116286
2021-06-03,3141.25,1281706,1389.6500244140625,5115645,1751.5999755859375,1752.2999877929688,16.057153188334425,-0.04359503822507038
2021-06-04,3143.75,1836060,1385.6500244140625,4194328,1758.0999755859375,1755.5099853515626,13.16307619335763,0.19676177485638754
2021-06-07,3183.199951171875,2559821,1389.6500244140625,5154576,1793.5499267578125,1761.5199829101562,15.486877963432134,2.06819889220319
2021-06-08,3200.14990234375,2574057,1412.949951171875,7360630,1787.199951171875,1764.9999755859376,17.04169441955572,1.302685932477609
2021-06-09,3200.25,1710925,1415.300048828125,5394317,1784.949951171875,1767.369970703125,18.078669378994974,0.972415618661378
2021-06-10,3216.800048828125,1874324,1424.300048828125,3496575,1792.5,1768.844970703125,19.56062283969989,1.2093188182569103
2021-06-11,3273.800048828125,3452954,1446.9000244140625,6140828,1826.9000244140625,1777.6799682617188,23.84113355865996,2.064501506660331
2021-06-14,3276.35009765625,1847360,1461.800048828125,7132294,1814.550048828125,1782.5949829101562,25.997063886217788,1.2291798049898093
2021-06-15,3262.75,1304985,1473.9000244140625,5403104,1788.8499755859375,1784.8999755859375,25.35646134296835,0.1557788346951428
2021-06-16,3274.35009765625,1635552,1480.5999755859375,7661710,1793.7501220703125,1789.1949951171875,22.404342390391886,0.20331446796128338
2021-06-17,3317.75,2273413,1495.300048828125,7677951,1822.449951171875,1796.2799926757812,20.298127242855855,1.2892794582960672
2021-06-18,3297.300048828125,3380431,1503.300048828125,13533974,1794.0,1799.8699951171875,15.372158138199502,-0.38185888177930466
2021-06-21,3273.10009765625,1130569,1500.300048828125,5454052,1772.800048828125,1797.7950073242187,17.56420664953519,-1.4230621965925863
2021-06-22,3301.199951171875,1708688,1511.8499755859375,6427862,1789.3499755859375,1798.010009765625,17.43277017171759,-0.4967675300244182
2021-06-23,3261.39990234375,1467104,1503.1500244140625,5529809,1758.2498779296875,1795.3400024414063,21.276295742665965,-1.7432604321879654
2021-06-24,3373.60009765625,4155204,1559.199951171875,10785137,1814.400146484375,1797.5300170898438,22.06401968069857,0.7645990911297572
2021-06-25,3380.800048828125,2722861,1574.199951171875,9780240,1806.60009765625,1795.5000244140624,19.888156746196326,0.5581247867181314
2021-06-28,3336.75,1355238,1571.800048828125,5019178,1764.949951171875,1790.5400146484376,20.774545281899336,-1.2317989698123006
2021-06-29,3340.85009765625,1497322,1563.050048828125,5913567,1777.800048828125,1789.4350219726562,21.164635057256948,-0.5497365351708131
2021-06-30,3345.75,1693146,1580.800048828125,6058722,1764.949951171875,1786.5550048828125,22.433679078193514,-0.9630633315040368
2021-07-01,3341.5,990310,1560.4000244140625,4814317,1781.0999755859375,1782.4200073242187,18.55848934312432,-0.07112818903927726
2021-07-02,3325.449951171875,1682274,1567.800048828125,5166064,1757.64990234375,1778.7849975585937,19.570631769454234,-1.079939342981826
2021-07-05,3321.0,1972858,1578.949951171875,4058338,1742.050048828125,1775.7099975585938,22.769783211830873,-1.4782726922485403
2021-07-06,3262.300048828125,2159420,1562.199951171875,4089574,1700.10009765625,1766.785009765625,32.318589661255686,-2.063360833759358
2021-07-07,3274.949951171875,2640710,1564.5999755859375,4797120,1710.3499755859375,1761.99501953125,36.94296757944783,-1.3979668480678218
2021-07-08,3258.5,2485811,1560.75,3326813,1697.75,1750.3300048828125,36.973632073411686,-1.4220946640680088
2021-07-09,3208.14990234375,6365067,1562.9000244140625,3436594,1645.2498779296875,1734.1949829101563,44.19095636172228,-2.0127445138868305
2021-07-12,3193.10009765625,1892226,1547.8499755859375,4588982,1645.2501220703125,1722.225,50.67114114652369,-1.519106856249838
2021-07-13,3187.550048828125,1809339,1544.949951171875,4456160,1642.60009765625,1708.7050048828125,52.20868089496852,-1.2661669686608235
2021-07-14,3214.550048828125,2044279,1576.9000244140625,5657716,1637.6500244140625,1695.9750122070313,52.48968827645456,-1.111170397617542
2021-07-15,3202.949951171875,2232968,1580.800048828125,10021355,1622.14990234375,1680.0800048828125,47.6956569836641,-1.2145781440625458
2021-07-16,3194.800048828125,1256526,1555.449951171875,6265593,1639.35009765625,1668.2500244140624,40.43682758685879,-0.7146932260137129
2021-07-19,3184.60009765625,1597058,1541.699951171875,5669162,1642.900146484375,1658.3350341796875,31.49838729850652,-0.4900215223413769
2021-07-20,3205.800048828125,1811945,1550.050048828125,5069939,1655.75,1653.9000244140625,27.87871426167568,0.06635799515620508
2021-07-22,3216.35009765625,2859334,1590.199951171875,7854575,1626.150146484375,1645.4800415039062,20.735107093712887,-0.9322302958055272
2021-07-23,3212.85009765625,1776193,1590.449951171875,4179719,1622.400146484375,1637.9450561523438,11.066842097687267,-1.4046382455585364
2021-07-26,3197.550048828125,1259611,1603.9000244140625,4586710,1593.6500244140625,1632.7850708007813,17.463326249758346,-2.240984668499816
2021-07-27,3182.949951171875,1121367,1602.550048828125,5892859,1580.39990234375,1626.300048828125,23.364225133050105,-1.964548202347463
2021-07-28,3197.800048828125,1660654,1605.5999755859375,4686788,1592.2000732421875,1621.2600463867188,24.846380558408015,-1.16958577029834
2021-07-29,3195.800048828125,1731997,1617.0,4660873,1578.800048828125,1615.375048828125,27.37389610553894,-1.3361269385617094
2021-07-30,3167.449951171875,2999943,1610.5,6234257,1556.949951171875,1608.8550537109375,32.80660794662875,-1.5821538948343572
2021-08-02,3219.39990234375,2608669,1631.550048828125,5553389,1587.849853515625,1603.705029296875,31.503976715538013,-0.5032753777217609
2021-08-03,3284.89990234375,3804735,1655.199951171875,5513668,1629.699951171875,1602.385009765625,29.915731974916056,0.913062780116937
2021-08-04,3273.949951171875,2929598,1649.25,6740391,1624.699951171875,1599.2800048828126,24.96282358134827,1.0183121394991428
2021-08-05,3283.949951171875,2534521,1653.550048828125,5420536,1630.39990234375,1599.70498046875,25.501460777737748,1.2036534746980505
2021-08-06,3309.800048828125,2292362,1650.199951171875,3754855,1659.60009765625,1603.4249755859375,31.24613999608605,1.7978259739394709
2021-08-09,3322.699951171875,1510489,1663.300048828125,5018477,1659.39990234375,1609.9999633789062,35.57812919359955,1.3884917527853267
2021-08-10,3333.89990234375,2040777,1677.25,6846517,1656.64990234375,1617.6249633789062,36.683142411114304,1.0638384936460628
2021-08-11,3344.199951171875,1929707,1677.550048828125,4899639,1666.64990234375,1625.0699462890625,38.461551264584116,1.0810784975533436
2021-08-12,3351.75,1310205,1689.5999755859375,5659579,1662.1500244140625,1633.4049438476563,36.29038022334859,0.7920854063665081
2021-08-13,3463.39990234375,4363584,1712.199951171875,5612790,1751.199951171875,1652.8299438476563,42.30828243875336,2.3250768325710656
2021-08-16,3472.949951171875,2083489,1704.4000244140625,4564109,1768.5499267578125,1670.899951171875,49.456341604883896,1.9744682363706085
2021-08-17,3553.050048828125,4336019,1741.6500244140625,9510390,1811.4000244140625,1689.0699584960937,63.90505669775474,1.9142470445889892
2021-08-18,3560.550048828125,2631309,1733.449951171875,6686090,1827.10009765625,1709.3099731445313,72.69949257644393,1.6202331039362026
2021-08-20,3559.5,2836148,1732.949951171875,6206972,1826.550048828125,1728.9249877929688,75.45262977802571,1.2938589592219605
2021-08-23,3637.39990234375,3744176,1738.75,6189051,1898.64990234375,1752.8299682617187,87.89135931393885,1.6590929440649287
2021-08-24,3613.199951171875,2511141,1720.8499755859375,7602939,1892.3499755859375,1776.1249755859376,91.18607407227347,1.2745915555908323
2021-08-25,3659.0,2123263,1735.550048828125,6153253,1923.449951171875,1802.80498046875,91.37604210813525,1.320312938924982
2021-08-26,3671.85009765625,1902533,1727.699951171875,5302248,1944.150146484375,1830.5550048828125,87.4870414207972,1.2984224835674807
2021-08-27,3720.14990234375,3944728,1708.800048828125,6698514,2011.349853515625,1865.4749877929687,82.33962832217429,1.7716240490166482
2021-08-30,3701.300048828125,2033114,1698.050048828125,6559667,2003.25,1890.6799926757812,82.04915654829097,1.3719825048776022
2021-08-31,3786.449951171875,3207480,1706.449951171875,12255438,2080.0,1921.825,89.32759569412168,1.7707294008183954
2021-09-01,3714.949951171875,2643336,1677.75,7801974,2037.199951171875,1944.4049926757812,86.81648435688712,1.0688633522019884
2021-09-02,3836.75,3403717,1689.0999755859375,6830050,2147.6500244140625,1976.4599853515624,97.24356395790396,1.7604253905853042
2021-09-03,3842.050048828125,1746812,1700.6500244140625,5339139,2141.4000244140625,2007.9449829101563,94.23727340303556,1.4161598344759339
2021-09-06,3852.0,1723693,1730.4000244140625,4876026,2121.5999755859375,2030.239990234375,91.84972176464927,0.9946680686269073
2021-09-07,3815.89990234375,1585039,1706.6500244140625,3520341,2109.2498779296875,2051.92998046875,80.58928240322325,0.7112595589838024
2021-09-08,3774.14990234375,4147175,1693.25,4584896,2080.89990234375,2067.6749755859373,66.92016942041501,0.19762243389925158
2021-09-09,3791.39990234375,1441148,1691.5999755859375,3331674,2099.7999267578125,2083.239953613281,51.26805952878313,0.3230076054513858
2021-09-13,3845.35009765625,1691473,1691.9000244140625,4662374,2153.4500732421875,2097.4499755859374,48.75990214218858,1.148486670316696
2021-09-14,3885.89990234375,1991188,1686.1500244140625,4945167,2199.7498779296875,2117.099963378906,46.101538813499715,1.7927799522080035
2021-09-15,3954.550048828125,2461369,1711.449951171875,4062344,2243.10009765625,2133.4099731445312,58.65873933031652,1.8699707113382804
2021-09-16,3903.300048828125,2946666,1702.25,3246568,2201.050048828125,2149.7949829101562,51.209542685698324,1.0008889599454116
2021-09-17,3827.85009765625,6477148,1691.300048828125,7454864,2136.550048828125,2148.6849853515623,51.38121343317762,-0.23617458040805256
2021-09-20,3823.5,2002008,1687.8499755859375,5660743,2135.6500244140625,2148.1099853515625,51.50382417902256,-0.24192302486491724
2021-09-21,3862.949951171875,1568129,1718.449951171875,4672222,2144.5,2150.3999877929687,50.6969267205962,-0.11637762236525714
2021-09-22,3862.14990234375,1744067,1716.9000244140625,4553892,2145.2498779296875,2153.9999877929686,48.68857668906796,-0.17971586886099566
2021-09-23,3869.25,2003869,1742.550048828125,3826090,2126.699951171875,2158.5799926757813,42.85259302361655,-0.743946614533615
2021-09-24,3871.300048828125,2320754,1763.8499755859375,8280446,2107.4500732421875,2159.345007324219,41.74049805041621,-1.2432753921467374
2021-09-27,3836.949951171875,1673362,1721.1500244140625,5045337,2115.7999267578125,2155.5799926757813,43.96980408081208,-0.9047132856188551
2021-09-28,3779.14990234375,2253075,1687.0999755859375,6557197,2092.0499267578125,2144.8099975585938,45.12360259713889,-1.1692344530160932
2021-09-29,3791.89990234375,2489161,1692.25,7792548,2099.64990234375,2130.464978027344,30.99453387505539,-0.9942100051517185
2021-09-30,3775.550048828125,2252412,1675.199951171875,6914031,2100.35009765625,2120.394982910156,19.87895580311477,-1.0083469902762896
2021-10-01,3730.199951171875,1578374,1665.1500244140625,5733906,2065.0499267578125,2113.244970703125,25.489471234838348,-1.8907824136987532
2021-10-04,3773.300048828125,1356860,1678.75,2947154,2094.550048828125,2109.134973144531,24.779048424224893,-0.5885990481437298
2021-10-05,3833.300048828125,1877966,1692.800048828125,4373310,2140.5,2108.734973144531,24.169519262554623,1.31425977117724
2021-10-06,3810.89990234375,1678154,1673.550048828125,4271698,2137.349853515625,2107.944970703125,22.94128500967363,1.2817452379019292
2021-10-07,3892.89990234375,1647233,1691.0,5476108,2201.89990234375,2115.4649658203125,37.486293261881094,2.3057744311927233
2021-10-08,3935.64990234375,2934339,1723.8499755859375,4738376,2211.7999267578125,2125.899951171875,48.04430437460746,1.7879325490106968
2021-10-11,3685.60009765625,11845402,1690.949951171875,8840633,1994.650146484375,2113.7849731445312,63.6230832122284,-1.872509483118832
2021-10-12,3652.85009765625,5752877,1685.1500244140625,7439300,1967.7000732421875,2101.349987792969,78.707028902535,-1.6980683480796062
2021-10-13,3655.199951171875,3545655,1709.199951171875,7104171,1946.0,2085.984997558594,92.80988139183395,-1.5082984210225567
2021-10-14,3611.449951171875,6442299,1715.75,19655776,1895.699951171875,2065.519982910156,110.22045650405914,-1.5407306150290452
2021-10-18,3647.14990234375,3590107,1792.1500244140625,13438109,1854.9998779296875,2044.5149780273437,128.77341540456075,-1.4716942895570986
2021-10-19,3634.14990234375,3135441,1822.1500244140625,10324260,1811.9998779296875,2016.2599609375,146.37077584397713,-1.3954977134612037
2021-10-20,3608.85009765625,2933693,1802.3499755859375,5876115,1806.5001220703125,1982.8599731445313,152.8352951673948,-1.1539209636168035
2021-10-21,3532.5,4871211,1753.6500244140625,8779629,1778.8499755859375,1947.0099853515626,154.6064490387572,-1.08766491185287
2021-10-22,3498.85009765625,2691670,1719.800048828125,7369809,1779.050048828125,1904.725,133.5372845938203,-0.9411225602957242
2021-10-25,3492.949951171875,2595594,1707.550048828125,5905209,1785.39990234375,1862.0849975585938,83.16758689908028,-0.922055070659888
2021-10-26,3482.60009765625,3878763,1703.699951171875,5871709,1778.900146484375,1840.5099975585938,72.22112809056938,-0.8530724000455456
2021-10-27,3489.75,2510813,1728.949951171875,5090259,1760.800048828125,1819.8199951171875,60.404764940847514,-0.9770743474767085
2021-10-28,3421.64990234375,2424942,1703.9000244140625,5329972,1717.7498779296875,1796.9949829101563,49.582393846520574,-1.59825088771969
2021-10-29,3397.75,3960501,1667.75,5875091,1730.0,1780.4249877929688,39.61724317307671,-1.2728040558671894
2021-11-01,3476.39990234375,2020718,1700.050048828125,3636806,1776.349853515625,1772.5599853515625,29.743988106195737,0.12741627486305432
2021-11-02,3484.199951171875,3087414,1697.9000244140625,3471772,1786.2999267578125,1769.989990234375,26.935263071138774,0.6055235651629352
2021-11-03,3492.25,1537639,1702.5,3530713,1789.75,1768.3149780273438,24.852871890221984,0.8624766613426865
2021-11-04,3508.64990234375,328991,1708.699951171875,483407,1799.949951171875,1770.4249755859375,26.675522750368838,1.1068190064065087
2021-11-08,3502.75,2526082,1737.5,5245903,1765.25,1769.044970703125,26.536339811170233,-0.1430103296132644
2021-11-09,3505.699951171875,1782692,1742.5,4016134,1763.199951171875,1766.8249755859374,25.937944440771368,-0.13975758265424848
2021-11-10,3484.300048828125,1516489,1740.1500244140625,4780368,1744.1500244140625,1763.3499633789063,26.46292840170343,-0.7255409784356249
2021-11-11,3488.199951171875,1284514,1733.300048828125,4731349,1754.89990234375,1762.7599487304688,26.591559878133022,-0.2955842539038969
2021-11-12,3526.050048828125,1747259,1780.199951171875,5069009,1745.85009765625,1765.569970703125,22.472387663688362,-0.8775157024697888
2021-11-15,3553.300048828125,1809157,1787.1500244140625,4354074,1766.1500244140625,1769.1849731445313,18.70681719390776,-0.16223757890023274
2021-11-16,3556.39990234375,2013204,1792.300048828125,6034233,1764.099853515625,1767.9599731445312,18.586200874856754,-0.20768739426076793
2021-11-17,3521.89990234375,1632914,1787.449951171875,4732492,1734.449951171875,1762.7749755859375,20.07416095905111,-1.4110190942397105
2021-11-18,3475.699951171875,2136598,1779.4000244140625,4326924,1696.2999267578125,1753.4299682617188,26.759704365486627,-2.134927976917036
2021-11-22,3458.39990234375,3167936,1759.4000244140625,6621839,1698.9998779296875,1743.3349609375,26.29780344520892,-1.6858854048469858
2021-11-23,3464.25,2153461,1736.9000244140625,8436160,1727.3499755859375,1739.5449584960938,25.507689099793737,-0.4780904637204063
2021-11-24,3443.300048828125,2161746,1696.0,7333061,1747.300048828125,1737.9549682617187,24.33808603590088,0.3839694112602551
2021-11-25,3445.89990234375,1849619,1722.4000244140625,4476260,1723.4998779296875,1735.8899536132812,24.62837105591857,-0.5030814118993967
2021-11-26,3446.85009765625,1941251,1691.6500244140625,4494181,1755.2000732421875,1735.919970703125,24.6542840696948,0.7820183496125802
2021-11-29,3502.0,2981745,1696.3499755859375,3942776,1805.6500244140625,1741.8999633789062,33.12698355001053,1.9244149090397935
2021-11-30,3529.14990234375,5588446,1712.6500244140625,14808963,1816.4998779296875,1746.9349487304687,40.27701904446623,1.7271618121097398
2021-12-01,3577.800048828125,2102118,1714.9000244140625,5193264,1862.9000244140625,1756.8149658203124,54.545864302984995,1.9448781305303222
2021-12-02,3642.89990234375,3152938,1748.25,5559574,1894.64990234375,1772.8349609375,68.88729541285787,1.7683223107567836
2021-12-03,3640.449951171875,2486263,1735.550048828125,6754012,1904.89990234375,1793.6949584960937,74.49181724934647,1.4928477778360538
2021-12-06,3536.39990234375,1849642,1695.300048828125,3991449,1841.099853515625,1807.9049560546875,67.66100388141905,0.4906060442010879
2021-12-07,3584.5,1484458,1711.6500244140625,4202122,1872.8499755859375,1822.4549560546875,63.956433695799255,0.7879585620884927
2021-12-08,3626.89990234375,1428660,1753.3499755859375,3029169,1873.5499267578125,1835.0799438476563,59.79814330354386,0.6433307254186323
2021-12-09,3601.75,1567957,1763.449951171875,2082171,1838.300048828125,1846.5599609375,45.245885663114336,-0.18255609296446176
2021-12-10,3636.800048828125,1510718,1759.25,1823469,1877.550048828125,1858.7949584960938,32.560228534785644,0.5760122448770346
2021-12-13,3609.64990234375,1883864,1744.6500244140625,4040584,1864.9998779296875,1864.7299438476562,26.67373413740899,0.01011984601184008
2021-12-14,3623.800048828125,1747007,1752.1500244140625,4768144,1871.6500244140625,1870.2449584960937,20.604711506427034,0.06819148705530635
2021-12-15,3570.35009765625,1603233,1734.199951171875,3053149,1836.150146484375,1867.569970703125,23.232974121774763,-1.3523806316859854
2021-12-16,3581.60009765625,2072320,1771.5999755859375,4481031,1810.0001220703125,1859.1049926757812,27.329971384294797,-1.7967406520479154
2021-12-17,3584.35009765625,4333992,1820.8499755859375,18887243,1763.5001220703125,1844.9650146484375,36.15717812343862,-2.253076617318099
2021-12-20,3556.89990234375,2312310,1798.9000244140625,5773891,1757.9998779296875,1836.6550170898438,45.489325620096466,-1.7290900247025798
2021-12-21,3608.300048828125,2340989,1811.5999755859375,5353584,1796.7000732421875,1829.0400268554688,45.12938247476122,-0.7166052766480361
2021-12-22,3630.75,1224328,1824.699951171875,4156428,1806.050048828125,1822.2900390625,42.7157725375382,-0.3801872064962294
2021-12-23,3662.699951171875,1792861,1857.5999755859375,4112933,1805.0999755859375,1818.9700317382812,42.62327011101966,-0.32541041821091615
2021-12-24,3670.89990234375,2209923,1863.5,3780347,1807.39990234375,1811.9550170898438,37.35837490724773,-0.12193021664895902
2021-12-27,3696.10009765625,1534135,1866.1500244140625,2647733,1829.9500732421875,1808.4500366210937,33.2466363961808,0.6466830618559553
2021-12-28,3706.550048828125,1456218,1888.0,3340933,1818.550048828125,1803.1400390625,25.32864108686865,0.6084025476445414
2021-12-29,3694.699951171875,1456923,1885.550048828125,3236635,1809.14990234375,1800.4400146484375,22.723972853102666,0.38329071028278944
2021-12-30,3733.75,1966475,1892.8499755859375,4584738,1840.9000244140625,1803.5300048828126,26.028930101135785,1.4357109334132505
2021-12-31,3738.35009765625,1207141,1887.75,4619420,1850.60009765625,1812.2400024414062,25.71663612203596,1.4916451371326112
2022-01-03,3817.75,2346158,1898.449951171875,3329616,1919.300048828125,1828.37001953125,36.3168101159659,2.503800003538848
2022-01-04,3884.75,2488606,1899.1500244140625,3921999,1985.5999755859375,1847.260009765625,59.64725247043965,2.319301561943224
2022-01-05,3860.949951171875,1733031,1844.6500244140625,6995719,2016.2999267578125,1868.2849975585937,77.8002314226507,1.9024998575534557
2022-01-06,3807.449951171875,1810293,1817.800048828125,6449205,1989.64990234375,1886.739990234375,82.87011902834983,1.2418217002218805
2022-01-07,3853.5,2460591,1814.300048828125,4834389,2039.199951171875,1909.9199951171875,90.29776269460197,1.431707189600346
2022-01-10,3879.85009765625,3937092,1850.75,7857560,2029.10009765625,1929.8349975585938,92.63177325240916,1.0716096282338465
2022-01-11,3915.89990234375,1906106,1855.5999755859375,5142287,2060.2999267578125,1954.0099853515626,91.90470084222153,1.1565234469205705
2022-01-12,3859.89990234375,3203744,1877.449951171875,5362535,1982.449951171875,1971.339990234375,76.62271468154958,0.14499565805876258
2022-01-13,3897.89990234375,6684507,1896.800048828125,14277630,2001.099853515625,1987.3599731445313,61.59367743655812,0.2230729020076106
2022-01-14,3968.14990234375,3348123,1929.3499755859375,7688506,2038.7999267578125,2006.1799560546874,40.200770609266335,0.8114265027448538
2022-01-17,4019.14990234375,3442604,1939.5,5262464,2079.64990234375,2022.21494140625,33.03773060874344,1.7384656839080752
2022-01-18,3990.60009765625,2389041,1920.75,3690315,2069.85009765625,2030.6399536132812,33.403374540167114,1.1738378107822331
2022-01-19,3914.64990234375,3102539,1867.050048828125,5747770,2047.599853515625,2033.7699462890625,33.37680859687805,0.4143567886791925
2022-01-20,3826.550048828125,6176776,1823.699951171875,5533463,2002.85009765625,2035.0899658203125,31.654622999430412,-1.0184884578989495
2022-01-21,3833.5,3112358,1785.699951171875,8252758,2047.800048828125,2035.9499755859374,31.894608526677963,0.3715384445705205
2022-01-24,3771.35009765625,3258414,1736.800048828125,7116712,2034.550048828125,2036.494970703125,31.811010057889614,-0.06113989689295391
2022-01-25,3769.89990234375,3330501,1722.1500244140625,9137653,2047.7498779296875,2035.2399658203126,31.004856034503284,0.40348234790877413
2022-01-27,3649.25,5718297,1678.5999755859375,11231734,1970.6500244140625,2034.0599731445313,33.37141314327787,-1.9001277667871774
2022-01-28,3690.050048828125,3143862,1686.199951171875,10998502,2003.85009765625,2034.3349975585938,33.07965410842339,-0.9215604190547197
2022-01-31,3736.25,2739393,1736.199951171875,8788872,2000.050048828125,2030.460009765625,34.72709229939554,-0.8756840531111603
2022-02-01,3800.64990234375,2105169,1772.050048828125,5119935,2028.599853515625,2025.3550048828124,30.142149073695837,0.10765153555836782
2022-02-02,3856.199951171875,1984212,1787.0999755859375,4253717,2069.0999755859375,2025.2799926757812,30.01979952116148,1.4597027165110437
2022-02-03,3824.60009765625,1960538,1738.550048828125,3832922,2086.050048828125,2029.1250122070312,35.20996868708359,1.6167306800808419
2022-02-04,3814.89990234375,2307366,1741.0999755859375,4700077,2073.7999267578125,2036.2199951171874,36.453571818628866,1.0308984762206654
2022-02-07,3779.0,1919149,1715.0,4310209,2064.0,2037.839990234375,37.37371814311226,0.6999573782156918
2022-02-08,3743.449951171875,2946443,1717.300048828125,6053401,2026.14990234375,2036.9999755859376,37.549865312534386,-0.2889510561990156
2022-02-09,3760.550048828125,1638721,1737.300048828125,3867244,2023.25,2034.5499877929688,37.569799471948784,-0.30077317291527744
2022-02-10,3770.35009765625,2112459,1769.5999755859375,4334630,2000.7501220703125,2037.5599975585938,32.78216403001025,-1.12286289137544
2022-02-11,3694.949951171875,3851488,1721.3499755859375,7551371,1973.5999755859375,2034.5349853515625,37.320016340957764,-1.6327701791156597
2022-02-14,3733.75,5951745,1682.199951171875,7459637,2051.550048828125,2039.6849853515625,35.543602511235264,0.3338171327121929
2022-02-15,3817.800048828125,3931683,1738.25,4669915,2079.550048828125,2044.7800048828126,37.38222990379603,0.9301222542045743
2022-02-16,3813.10009765625,3256906,1733.300048828125,5350642,2079.800048828125,2045.8500122070313,38.29762591918769,0.8864788823393928
2022-02-17,3784.199951171875,3134372,1724.800048828125,3937950,2059.39990234375,2043.1849975585938,36.050746497172064,0.44978000071172447
2022-02-18,3793.89990234375,3688883,1706.949951171875,5602215,2086.949951171875,2044.5,37.50216566742178,1.1319333274865078
2022-02-21,3719.39990234375,7465922,1730.699951171875,5120890,1988.699951171875,2036.9699951171874,40.58475025807098,-1.1893640748895102
2022-02-22,3586.39990234375,5408531,1734.3499755859375,8878515,1852.0499267578125,2019.5599975585938,71.39201224078639,-2.3463419161770376
2022-02-23,3563.800048828125,2426203,1742.8499755859375,5478811,1820.9500732421875,1999.3300048828125,94.99189122611486,-1.8778437752756882
2022-02-24,3401.64990234375,5039136,1678.1500244140625,13592379,1723.4998779296875,1971.60498046875,128.92918254391225,-1.9243517847835565
2022-02-25,3520.75,2549723,1694.5999755859375,9737281,1826.1500244140625,1956.8599853515625,136.86311995253075,-0.9550415114227638
2022-02-28,3554.199951171875,3288942,1715.5999755859375,15076542,1838.5999755859375,1935.5649780273438,137.0596264596998,-0.7074658303546256
2022-03-02,3546.14990234375,2761341,1702.800048828125,6771489,1843.349853515625,1911.9449584960937,129.64093412022945,-0.5291160962852471
2022-03-03,3544.39990234375,1928039,1720.8499755859375,7344147,1823.5499267578125,1886.3199462890625,117.53622797325227,-0.53404827272094
2022-03-04,3524.35009765625,2370257,1723.300048828125,9074499,1801.050048828125,1860.4849609375,102.72547207623835,-0.5785800825063632
2022-03-07,3484.89990234375,3054130,1739.8499755859375,9742588,1745.0499267578125,1826.2949584960938,70.9632112548075,-1.144889447668242
2022-03-08,3599.949951171875,3300992,1778.199951171875,10984500,1821.75,1809.5999633789063,42.4002653901955,0.2865556738685706
2022-03-09,3632.60009765625,2719654,1813.3499755859375,10193515,1819.2501220703125,1806.3199829101563,39.9493929860379,0.32366296941420797
2022-03-10,3620.949951171875,2005441,1825.9000244140625,6547182,1795.0499267578125,1803.7299682617188,39.734506223374346,-0.21845097193633042
2022-03-11,3599.14990234375,1623423,1822.0,4758657,1777.14990234375,1809.094970703125,30.168561378607386,-1.058886035647273
2022-03-14,3643.0,1765688,1890.699951171875,10289724,1752.300048828125,1801.7099731445312,34.28748599901375,-1.441048326431032
2022-03-15,3593.89990234375,3651133,1839.300048828125,7140443,1754.599853515625,1793.3099609375,34.53432158452906,-1.1209169789863933
2022-03-16,3655.89990234375,3090475,1889.4000244140625,5233979,1766.4998779296875,1785.6249633789062,30.473617246238916,-0.6275948567142647
2022-03-17,3672.75,3600452,1854.5999755859375,17731459,1818.1500244140625,1785.0849731445312,29.76656025764756,1.110811964275795
2022-03-21,3626.699951171875,2413831,1853.050048828125,8362085,1773.64990234375,1782.3449584960938,29.392427947893296,-0.2958264001789282
2022-03-22,3700.949951171875,2907611,1887.4000244140625,5709382,1813.5499267578125,1789.1949584960937,27.666343447719427,0.8803103419771364
2022-03-23,3712.39990234375,1596195,1872.4000244140625,6192824,1839.9998779296875,1791.0199462890625,30.50836377999499,1.6054591453620395
2022-03-24,3749.85009765625,1879046,1886.699951171875,3784303,1863.150146484375,1795.4099487304688,37.40164002050763,1.8111558134018628
2022-03-25,3707.449951171875,1690133,1876.550048828125,3438588,1830.89990234375,1798.9949462890625,39.04531441900927,0.8171263704603328
2022-03-28,3707.699951171875,1760990,1873.9000244140625,4008555,1833.7999267578125,1804.6599487304688,39.62895601922046,0.7353203554797271
2022-03-29,3705.35009765625,2689063,1886.0,3917785,1819.35009765625,1811.3649536132812,35.21167396294189,0.22677547370717768
2022-03-30,3731.550048828125,1583455,1903.949951171875,7795839,1827.60009765625,1818.6649780273438,29.187435649213317,0.30612897057118055
2022-03-31,3739.949951171875,2168110,1906.8499755859375,5399145,1833.0999755859375,1825.3249877929688,22.878354116036114,0.3398403466234899
2022-04-01,3758.75,1387014,1903.550048828125,6171518,1855.199951171875,1829.02998046875,24.527842260616563,1.0669495679668972
2022-04-04,3770.35009765625,1472994,1882.949951171875,7364074,1887.400146484375,1840.4050048828126,22.26294089839962,2.1109134599975814
2022-04-05,3814.800048828125,2314947,1861.0999755859375,5472024,1953.7000732421875,1854.42001953125,40.292152219766315,2.464004731478035
2022-04-06,3755.35009765625,2051729,1828.8499755859375,5407453,1926.5001220703125,1863.0700439453126,45.765694635345696,1.3859743336226276
2022-04-07,3684.14990234375,2494829,1811.0,5797544,1873.14990234375,1864.07001953125,45.87675139410966,0.1979190447575121
2022-04-08,3685.64990234375,2296773,1814.5999755859375,5131446,1871.0499267578125,1868.0850219726562,44.38386449914543,0.06680141124739908
2022-04-11,3696.39990234375,2291660,1766.550048828125,8248407,1929.849853515625,1877.6900146484375,46.483228360738394,1.1221216922025117
2022-04-12,3691.10009765625,4483476,1742.449951171875,6456184,1948.650146484375,1890.62001953125,46.435329943137035,1.2496977414435648
2022-04-13,3661.949951171875,1621672,1748.550048828125,6257693,1913.39990234375,1899.2,41.119623136149926,0.34533152934629513
2022-04-18,3528.050048828125,3820792,1621.4000244140625,30523965,1906.6500244140625,1906.5550048828125,33.93251362745964,0.0028002502936638213
2022-04-19,3471.89990234375,3170014,1562.0,17044923,1909.89990234375,1912.025,28.746744088582496,-0.07392481213530293
2022-04-20,3556.800048828125,2640370,1587.699951171875,10678747,1969.10009765625,1920.1949951171875,32.35407036200481,1.5115595036998635
2022-04-21,3628.64990234375,2280996,1618.800048828125,7766514,2009.849853515625,1925.8099731445313,42.191621617873295,1.991861823473799
2022-04-22,3612.550048828125,1581465,1585.449951171875,8134245,2027.10009765625,1935.869970703125,52.986763464496974,1.7217531509402788
2022-04-25,3548.199951171875,1960694,1561.0999755859375,7000570,1987.0999755859375,1947.2649780273437,50.178147554578565,0.7938714261076593
2022-04-26,3546.300048828125,1943469,1581.0,5345435,1965.300048828125,1956.689990234375,42.54257947545252,0.20238684865636888
2022-04-27,3561.199951171875,1727648,1552.800048828125,8819356,2008.39990234375,1964.5449951171875,44.25350038887684,0.9909929574200536
2022-04-28,3584.300048828125,1703660,1582.5999755859375,9245177,2001.7000732421875,1969.8499877929687,45.30363587877407,0.7030359667918263
2022-04-29,3546.699951171875,2051115,1567.550048828125,9831395,1979.14990234375,1976.4249877929688,40.74220420039038,0.06688186376413921
2022-05-02,3542.39990234375,1324161,1541.0,7072627,2001.39990234375,1985.8999755859375,32.99291461558076,0.46979561940528813
2022-05-04,3479.75,2305825,1535.550048828125,6220959,1944.199951171875,1989.32998046875,25.037800981346088,-1.8024757577751391
2022-05-05,3513.39990234375,1612262,1585.1500244140625,6144870,1928.2498779296875,1985.2449584960937,31.2635393322947,-1.8230527247927817
2022-05-06,3432.60009765625,2010812,1542.8499755859375,6171472,1889.7501220703125,1973.2349853515625,41.98961300128369,-1.988226547329639
2022-05-09,3445.10009765625,2481830,1570.3499755859375,6832202,1874.7501220703125,1957.9999877929688,47.54520055905185,-1.7509625523455037
2022-05-10,3438.75,1622685,1553.0,6212545,1885.75,1947.864990234375,51.30625320044132,-1.2106709486601277
2022-05-11,3412.0,1841769,1526.75,7846080,1885.25,1939.8599853515625,54.43328154657144,-1.003246245678572
2022-05-12,3408.64990234375,2807195,1508.800048828125,7034979,1899.849853515625,1929.00498046875,49.87943060524261,-0.5845120242824248
2022-05-13,3414.89990234375,2187823,1504.4000244140625,6723761,1910.4998779296875,1919.8849609375,42.96992891891237,-0.21841048481887979
2022-05-16,3376.800048828125,1195813,1489.0999755859375,6145331,1887.7000732421875,1910.7399780273438,38.44904234245974,-0.5992322144188504
2022-05-17,3451.60009765625,1754076,1518.449951171875,6516378,1933.150146484375,1903.9150024414062,23.85640042047833,1.2254633359470861
2022-05-18,3448.800048828125,1866781,1509.199951171875,6594126,1939.60009765625,1903.4550170898438,23.0231372276751,1.5699459291307112
2022-05-19,3261.949951171875,4642963,1427.1500244140625,16561140,1834.7999267578125,1894.1100219726563,29.806842236992424,-1.989814779548696
2022-05-20,3293.0,3065125,1455.1500244140625,10488908,1837.8499755859375,1888.9200073242187,34.75765650109951,-1.4693174649638887
2022-05-23,3321.75,2293690,1468.4000244140625,5887569,1853.3499755859375,1886.7799926757812,36.34938032764486,-0.9196860245900552
2022-05-24,3288.0,1711510,1441.0,5693167,1847.0,1882.9049926757812,38.474707036942455,-0.9332102942669863
2022-05-25,3167.64990234375,3548046,1410.449951171875,9630092,1757.199951171875,1870.0999877929687,55.256276298983366,-2.04320747221924
2022-05-26,3226.949951171875,2813186,1423.949951171875,13040065,1803.0,1860.4150024414062,57.887504958196295,-0.9918375732875108
2022-05-27,3261.300048828125,3103153,1461.3499755859375,8284860,1799.9500732421875,1849.3600219726563,57.81585331542057,-0.8546090024981139
2022-05-30,3375.25,2094624,1526.800048828125,10904213,1848.449951171875,1845.435009765625,56.23449666902838,0.05361373507074617
2022-05-31,3364.35009765625,4840965,1503.5999755859375,16033857,1860.7501220703125,1838.1950073242188,47.69963736453237,0.4728571534773317
2022-06-01,3355.199951171875,1493835,1478.550048828125,8738508,1876.64990234375,1831.8999877929687,35.39744582608953,1.2642130952227806
2022-06-02,3423.0,2657939,1508.0,7205840,1915.0,1839.9199951171875,44.134654747466165,1.7011576347976982
2022-06-03,3440.14990234375,1913622,1521.699951171875,9395707,1918.449951171875,1847.9799926757812,50.60066222420031,1.3926687003394747
2022-06-06,3430.949951171875,1084210,1530.050048828125,6624883,1900.89990234375,1852.7349853515625,53.32231524427845,0.9032788012211389
2022-06-07,3362.699951171875,2308256,1506.699951171875,4904592,1856.0,1853.6349853515626,53.29070587172858,0.044379495631565284
2022-06-08,3404.14990234375,2185707,1500.0,4697608,1904.14990234375,1868.32998046875,43.013830072189265,0.8327536007578079
2022-06-09,3427.10009765625,1279197,1515.0,4361061,1912.10009765625,1879.239990234375,38.165196299206556,0.8609966830580182
2022-06-10,3359.89990234375,1527582,1476.800048828125,6516436,1883.099853515625,1887.5549682617188,26.131842833733998,-0.17048605314366366
2022-06-13,3219.60009765625,3030921,1424.5,6987685,1795.10009765625,1882.2199829101562,37.82993955269616,-2.3029348258024673
2022-06-14,3210.550048828125,2611493,1440.550048828125,6090247,1770.0,1873.144970703125,51.842443050867,-1.9895854561082456
2022-06-15,3206.300048828125,1404536,1422.199951171875,4651958,1784.10009765625,1863.889990234375,58.924535871174996,-1.3541030302311998
2022-06-16,3142.0,2032028,1397.199951171875,6641772,1744.800048828125,1846.8699951171875,66.60187439530436,-1.5325386442315916
2022-06-17,3088.89990234375,5240434,1387.300048828125,9692047,1701.599853515625,1825.1849853515625,75.42443938104559,-1.6385290079729105
2022-06-20,3112.39990234375,1502769,1414.1500244140625,4595194,1698.2498779296875,1804.9199829101562,79.91153727374063,-1.334852370754243
2022-06-21,3211.949951171875,2964461,1449.9000244140625,6270787,1762.0499267578125,1795.5249755859375,78.75326874870859,-0.4250623416653278
2022-06-22,3222.949951171875,3336315,1437.25,6253366,1785.699951171875,1783.67998046875,68.89026164511489,0.029321571073873162
2022-06-23,3308.800048828125,3692578,1452.449951171875,6254281,1856.35009765625,1778.10498046875,58.87012686072918,1.3291141256176806
2022-06-24,3293.10009765625,2132118,1441.0999755859375,6114340,1852.0001220703125,1774.9950073242187,53.26148888682618,1.445793505880389
2022-06-27,3314.699951171875,2037686,1474.5999755859375,4511097,1840.0999755859375,1779.4949951171875,56.92394450268736,1.0646658624630072
2022-06-28,3318.14990234375,1400046,1480.1500244140625,4412178,1837.9998779296875,1786.2949829101562,59.659484819626435,0.8666668037086648
2022-06-29,3290.5,2133994,1463.25,5060038,1827.25,1790.6099731445313,61.0278548941322,0.6003820209481364
2022-06-30,3267.10009765625,2719603,1461.9000244140625,9165177,1805.2000732421875,1796.6499755859375,58.943567377691636,0.1450556530021968
2022-07-01,3315.10009765625,1502879,1479.4000244140625,4651635,1835.7000732421875,1810.0599975585938,49.39769983982238,0.5190540403041962
2022-07-04,3235.050048828125,2622535,1488.0,4800224,1747.050048828125,1814.9400146484375,38.285186959625214,-1.7732697999335316
2022-07-05,3216.300048828125,2170627,1475.949951171875,7379669,1740.35009765625,1812.7700317382812,42.04627863876863,-1.7223862949730027
2022-07-06,3260.75,2182144,1491.6500244140625,5209162,1769.0999755859375,1811.1100341796875,43.535087445329616,-0.9649701208595327
2022-07-07,3287.85009765625,1989921,1498.699951171875,3323472,1789.150146484375,1804.3900390625,40.881569509892316,-0.37278149446872966
2022-07-08,3265.449951171875,2136916,1514.449951171875,3652582,1751.0,1794.2900268554688,40.28426537549794,-1.0746137841153
2022-07-11,3113.800048828125,6974600,1473.1500244140625,4702638,1640.6500244140625,1774.3450317382812,59.75326023355662,-2.237451258753869
2022-07-12,3084.699951171875,3734815,1438.5999755859375,4710356,1646.0999755859375,1755.1550415039062,67.36828029468067,-1.6187895169795448
2022-07-13,3038.75,3863530,1444.449951171875,5264025,1594.300048828125,1731.8600463867188,78.94895985652002,-1.7423915122959448
2022-07-14,2998.75,4764908,1428.8499755859375,6157606,1569.9000244140625,1708.3300415039062,89.07682217689512,-1.554052038530735
2022-07-15,2994.60009765625,4574806,1430.3499755859375,5620018,1564.2501220703125,1681.1850463867188,87.29230132915872,-1.3395788922492973
2022-07-18,3063.5,3202795,1489.9000244140625,5835171,1573.5999755859375,1663.8400390625,89.94280217257581,-1.0033050038113809
2022-07-19,3074.25,1865074,1484.1500244140625,3418540,1590.0999755859375,1648.8150268554687,88.27587246882453,-0.6651313618029314
2022-07-20,3164.800048828125,3402251,1515.300048828125,5079392,1649.5,1636.855029296875,77.62821066703548,0.16289143591576552
2022-07-21,3177.300048828125,2420640,1532.9000244140625,5008061,1644.4000244140625,1622.3800170898437,56.767671032920845,0.3878969653598947
2022-07-22,3171.0,2075886,1506.300048828125,7020642,1664.699951171875,1613.7500122070312,38.73875929385038,1.3152186568074185
2022-07-25,3166.75,1797504,1503.5999755859375,7859626,1663.1500244140625,1616.0000122070312,41.05869618804333,1.148356294391097
2022-07-26,3115.89990234375,2639367,1451.1500244140625,7268273,1664.7498779296875,1617.8650024414062,42.95748352962345,1.0914250937429684
2022-07-27,3188.85009765625,1389808,1471.050048828125,4517285,1717.800048828125,1630.2150024414063,52.19045248819279,1.678181395467558
2022-07-28,3260.5,2106333,1517.4000244140625,6636841,1743.0999755859375,1647.5349975585937,58.328464803606416,1.6383935073400924
2022-07-29,3301.89990234375,2430257,1549.699951171875,7009465,1752.199951171875,1666.32998046875,58.789413692670664,1.4606366233217016
2022-08-01,3298.800048828125,1306913,1551.050048828125,2983249,1747.75,1683.7449829101563,53.85505148649083,1.1884682183601463
2022-08-02,3291.800048828125,1269114,1543.5999755859375,4374635,1748.2000732421875,1699.5549926757812,45.9332925986509,1.0590375262546494
2022-08-03,3339.5,2895824,1566.0999755859375,6011955,1773.4000244140625,1711.9449951171875,47.61100612283151,1.2907735900041113
2022-08-04,3354.949951171875,2150567,1599.9000244140625,7402209,1755.0499267578125,1723.0099853515626,42.78193168960198,0.748912920499032
2022-08-05,3365.050048828125,1106933,1616.6500244140625,5361971,1748.4000244140625,1731.3799926757813,38.03020273900507,0.4475398633840277
2022-08-08,3374.449951171875,1068836,1619.4000244140625,3763409,1755.0499267578125,1740.5699829101563,29.957460374304652,0.4833501794456519
2022-08-10,3354.25,1878359,1602.449951171875,4423829,1751.800048828125,1749.275,13.730330272917444,0.18390299271281713
2022-08-11,3422.5,1449248,1619.949951171875,3462090,1802.550048828125,1757.75,17.72004436600312,2.5282131298766024
2022-08-12,3401.550048828125,1472354,1594.0999755859375,3562286,1807.4500732421875,1764.185009765625,22.772742744848912,1.8998617760413994
2022-08-16,3392.699951171875,839942,1596.449951171875,3004430,1796.25,1768.5900146484375,24.399138414129673,1.1336459870871674
2022-08-17,3401.10009765625,1622326,1606.25,4067324,1794.85009765625,1773.3000244140626,24.475169792338537,0.8804871804784468
2022-08-18,3381.25,1430659,1582.949951171875,4635706,1798.300048828125,1778.3100219726562,23.88699865751354,0.8368580390563665
2022-08-19,3385.75,1398410,1597.0999755859375,4739884,1788.6500244140625,1779.8350219726562,24.025101845637842,0.3669080155431999
2022-08-22,3354.550048828125,1536532,1575.6500244140625,3950555,1778.9000244140625,1782.2200317382812,22.421567563506485,-0.14807204334911978
2022-08-23,3284.60009765625,1849256,1542.4000244140625,5551574,1742.2000732421875,1781.6000366210938,23.51949657248793,-1.6752043674690975
2022-08-24,3255.35009765625,1691923,1537.5,2888426,1717.85009765625,1777.8800537109375,30.183262703690136,-1.988849139471871
2022-08-25,3218.199951171875,1946930,1518.1500244140625,4331088,1700.0499267578125,1772.7050415039062,38.45461772644381,-1.889372955491154
2022-08-26,3222.199951171875,1457962,1521.550048828125,3079136,1700.64990234375,1762.5150268554687,42.910337076584604,-1.4417300987709414
2022-08-29,3132.550048828125,2539173,1461.75,8079050,1670.800048828125,1748.8500244140625,48.41582516282786,-1.612075707135977
2022-08-30,3211.14990234375,3431525,1492.949951171875,6725875,1718.199951171875,1741.04501953125,46.164341009742394,-0.4948639547254434
2022-09-01,3131.699951171875,3546935,1464.199951171875,8140604,1667.5,1728.310009765625,47.22569469671088,-1.2876466964891504
2022-09-02,3130.39990234375,2052900,1453.0,5175653,1677.39990234375,1716.2199951171874,42.562300851580815,-0.9120769318558958
2022-09-05,3133.39990234375,2147912,1461.300048828125,3669352,1672.099853515625,1704.5649780273438,35.97225566920232,-0.9025045526826356
2022-09-06,3127.050048828125,1936453,1455.0999755859375,3428442,1671.9500732421875,1693.8699829101563,25.906310446676642,-0.8461224037705749
2022-09-07,3149.60009765625,1291534,1457.6500244140625,3600574,1691.9500732421875,1688.8449829101562,19.59482488444041,0.15846481662088968
2022-09-08,3169.64990234375,1346113,1475.9000244140625,4061475,1693.7498779296875,1686.4349609375,16.932197189242665,0.43201227285699767
2022-09-09,3217.64990234375,1561185,1511.6500244140625,4816910,1705.9998779296875,1687.0299560546875,17.556803700581405,1.0804883507566787
2022-09-12,3242.949951171875,1785928,1536.199951171875,5494819,1706.75,1687.6399658203125,18.177606133718175,1.0512954257623495
2022-09-13,3229.35009765625,1972678,1544.949951171875,4947158,1684.400146484375,1688.9999755859376,17.263467020699938,-0.26644874381531347
2022-09-14,3120.39990234375,5090269,1475.4000244140625,14332197,1644.9998779296875,1681.6799682617188,18.94374886472187,-1.9362635449807457
2022-09-15,3104.35009765625,2138023,1432.800048828125,12784100,1671.550048828125,1682.0849731445312,18.647889566989154,-0.5649392269597803
2022-09-16,3008.699951171875,5322221,1377.050048828125,20464045,1631.64990234375,1677.5099731445312,24.590274265324382,-1.8649678448462883
2022-09-19,3028.800048828125,2072220,1390.300048828125,6595241,1638.5,1674.1499877929687,27.53129106773184,-1.2948897930454257
2022-09-20,3040.300048828125,1544295,1388.550048828125,7219797,1651.75,1672.12998046875,28.43679819432107,-0.716676340616295
2022-09-21,3001.199951171875,2253818,1377.25,7917054,1623.949951171875,1665.3299682617187,31.169680619407636,-1.3275727010201912
2022-09-22,3007.39990234375,2017983,1367.949951171875,9168498,1639.449951171875,1659.8999755859375,30.388551798493225,-0.6729515953792982
2022-09-23,2982.050048828125,2652374,1365.449951171875,10426200,1616.60009765625,1650.9599975585938,28.40505253376903,-1.2096404279307513
2022-09-26,2994.39990234375,2925489,1380.25,9414587,1614.14990234375,1641.6999877929688,22.72200111916554,-1.2124849965780924
2022-09-27,3017.449951171875,2227447,1393.550048828125,8561254,1623.89990234375,1635.6499633789062,17.556624420412028,-0.6692665260581164
2022-09-28,3035.64990234375,2739767,1394.699951171875,7022098,1640.949951171875,1635.244970703125,17.362617337189295,0.3285783679935347
2022-09-29,2997.300048828125,2493902,1398.6500244140625,6119965,1598.6500244140625,1627.9549682617187,15.644787443812428,-1.873144263091054
2022-09-30,3004.550048828125,2817353,1413.449951171875,8120130,1591.10009765625,1623.8999877929687,19.387953450286634,-1.6917664992760615
2022-10-03,2984.949951171875,1763331,1393.75,4943169,1591.199951171875,1619.1699829101562,21.12249256013142,-1.324182345367446
2022-10-04,3091.14990234375,2145875,1429.4000244140625,6631341,1661.7498779296875,1620.169970703125,22.99040238885744,1.8085767496924992
2022-10-06,3101.949951171875,1790816,1455.1500244140625,6180672,1646.7999267578125,1622.4549682617187,24.494175241194235,0.9939080722812219
2022-10-07,3064.89990234375,1939879,1451.199951171875,3994466,1613.699951171875,1619.8799682617187,23.85417787037603,-0.25907483055697694
2022-10-10,3118.550048828125,3064063,1462.6500244140625,5274677,1655.9000244140625,1623.8099609375,26.359553795238057,1.2173978256930802
2022-10-11,3069.550048828125,4730645,1423.800048828125,12824774,1645.75,1626.969970703125,26.96010767246357,0.6965858417567259
2022-10-12,3100.75,1665247,1428.699951171875,5481467,1672.050048828125,1631.7849853515625,30.427639326360744,1.323305532995431
2022-10-13,3103.300048828125,2054781,1419.9000244140625,4821514,1683.4000244140625,1636.0299926757812,34.53257061880571,1.3717493626867334
2022-10-14,3099.14990234375,2245977,1474.25,14990688,1624.89990234375,1638.65498046875,32.30100991937673,-0.4258404972269476
2022-10-17,3111.75,1517005,1489.949951171875,4286396,1621.800048828125,1641.7249755859375,28.516214329958537,-0.698722717092212
2022-10-18,3144.699951171875,1793722,1503.699951171875,4692004,1641.0,1646.70498046875,22.406133407915217,-0.25461691068636416
2022-10-19,3121.85009765625,1194289,1485.449951171875,3553171,1636.400146484375,1644.1700073242187,21.94410349562418,-0.35407510912409923
2022-10-20,3157.300048828125,1587601,1500.9000244140625,4583939,1656.4000244140625,1645.1300170898437,22.279372019700084,0.5058494159643961
2022-10-21,3137.39990234375,1021913,1500.5,3594485,1636.89990234375,1647.4500122070312,19.701651735657236,-0.5354936735678373
2022-10-24,3161.699951171875,260949,1517.8499755859375,982837,1643.8499755859375,1646.2450073242187,19.494822445734137,-0.12285476028048084
2022-10-25,3162.10009765625,2069643,1526.300048828125,3914341,1635.800048828125,1645.2500122070312,19.774801284626157,-0.4778790564258687
2022-10-27,3157.39990234375,2438421,1523.949951171875,6760137,1633.449951171875,1641.3900024414063,17.61119472334487,-0.45085250570798596
2022-10-28,3163.25,1355739,1513.25,3053981,1650.0,1638.05,10.483434366136889,1.139893624802993
2022-10-31,3193.14990234375,1919414,1537.6500244140625,4542336,1655.4998779296875,1641.1099975585937,10.68258648345335,1.3470408494593336
2022-11-01,3259.699951171875,2991060,1573.0,4542692,1686.699951171875,1647.5999877929687,16.02577404562706,2.4398174632678957
2022-11-02,3241.699951171875,1405955,1553.300048828125,2938906,1688.39990234375,1652.3399780273437,20.297309668792455,1.7765864001104144
2022-11-03,3206.75,1422652,1530.75,3174027,1676.0,1656.2999633789063,20.700860391137702,0.9516530351331431
2022-11-04,3217.39990234375,1464013,1514.0,4509682,1703.39990234375,1660.999951171875,25.504304591232607,1.6624625470655063
2022-11-07,3233.699951171875,1474498,1507.449951171875,4898592,1726.25,1669.9349609375,31.14952915210111,1.807893749774433
2022-11-09,3216.050048828125,1162267,1511.199951171875,3334755,1704.85009765625,1676.0349731445312,31.445150340831013,0.9163614802090096
2022-11-10,3205.64990234375,1573092,1501.949951171875,3435763,1703.699951171875,1682.8249633789062,29.029945306135463,0.7190846408021608
2022-11-11,3315.949951171875,3265394,1570.0999755859375,7214098,1745.8499755859375,1694.0649658203124,29.543796688079784,1.7528217619544852
2022-11-14,3335.5,1342074,1585.300048828125,4908813,1750.199951171875,1704.0849609375,29.927571180565096,1.540886494134278
2022-11-15,3332.60009765625,1400708,1594.0,3497614,1738.60009765625,1712.3949829101562,26.24913833694406,0.9983228557720594
2022-11-16,3355.35009765625,1748235,1602.800048828125,4497697,1752.550048828125,1718.9799926757812,27.32464597229221,1.2285632606689423
2022-11-17,3349.0,1417986,1587.4000244140625,3469515,1761.5999755859375,1726.3,28.018292524470073,1.2598903218355628
2022-11-18,3343.449951171875,1164540,1593.4000244140625,3126064,1750.0499267578125,1733.7049926757813,22.486668395096,0.7268721979995818
2022-11-21,3283.5,1304194,1568.199951171875,3071764,1715.300048828125,1734.8950073242188,20.96832110315992,-0.9345029771191763
2022-11-22,3314.949951171875,1149739,1585.050048828125,3399329,1729.89990234375,1735.2599975585938,20.8324457207854,-0.2572955324921742
2022-11-23,3308.300048828125,1150011,1583.1500244140625,3245067,1725.1500244140625,1737.289990234375,18.38525373668516,-0.6603099415532612
2022-11-24,3380.14990234375,1296591,1629.800048828125,5282215,1750.349853515625,1741.95498046875,14.402183324055995,0.5828889174638624
2022-11-25,3389.64990234375,1588981,1635.6500244140625,4563255,1753.9998779296875,1742.769970703125,14.870075982611715,0.7552017380203173
2022-11-28,3395.25,2195437,1623.4000244140625,3825766,1771.8499755859375,1744.9349731445313,17.428081286830583,1.544346850260809
2022-11-29,3397.35009765625,1576028,1629.050048828125,3131710,1768.300048828125,1747.9049682617188,18.711937842369778,1.0899502092308848
2022-11-30,3390.800048828125,3410702,1634.949951171875,11868134,1755.85009765625,1748.2349731445313,18.831677908811724,0.40437843874525026
2022-12-01,3475.64990234375,2180856,1657.0999755859375,5407928,1818.5499267578125,1753.9299682617188,29.122210983834147,2.218923505909783
2022-12-02,3439.14990234375,2411749,1637.9000244140625,4283343,1801.2498779296875,1759.0499633789063,32.651193924393695,1.2924462930359681
2022-12-05,3425.89990234375,1475065,1639.75,3824966,1786.14990234375,1766.1349487304688,29.65221684906299,0.674990126881988
2022-12-06,3385.35009765625,1166999,1612.9000244140625,4822398,1772.4500732421875,1770.3899658203125,26.78958376180554,0.07689956813782911
2022-12-07,3380.60009765625,1167505,1605.5,4898087,1775.10009765625,1775.3849731445312,21.564292102553924,-0.013210518895142418
2022-12-08,3350.550048828125,1285619,1620.1500244140625,4206837,1730.4000244140625,1773.389990234375,24.815445625410646,-1.7323874198854405
2022-12-09,3292.75,1797896,1569.300048828125,8880658,1723.449951171875,1770.3349975585938,28.99608846833981,-1.6169438315071907
2022-12-12,3286.449951171875,1527610,1547.199951171875,8037679,1739.25,1767.075,30.59532352092026,-0.9094527136140286
2022-12-13,3332.10009765625,1378016,1572.1500244140625,6135067,1759.9500732421875,1766.2400024414062,30.67202130714256,-0.20507057999969422
2022-12-14,3365.35009765625,1213311,1579.4000244140625,4976020,1785.9500732421875,1769.25,31.01414002979975,0.5384664293816089
2022-12-15,3305.10009765625,1415694,1540.5,6443866,1764.60009765625,1763.8550170898438,25.727141620311027,0.028960876315071625
2022-12-16,3240.25,2703680,1522.199951171875,9630453,1718.050048828125,1755.5350341796875,25.743328558712054,-1.4561048415348308
2022-12-19,3202.050048828125,2120965,1507.3499755859375,6222740,1694.7000732421875,1746.3900512695313,29.611908045449383,-1.7455807963474785
2022-12-20,3243.949951171875,1529971,1507.300048828125,7396259,1736.64990234375,1742.8100341796876,28.24371398121568,-0.218106295795042
2022-12-21,3268.550048828125,1432566,1509.550048828125,6236361,1759.0,1741.2000244140625,26.610173272981182,0.668916184924315
2022-12-22,3259.699951171875,1384101,1522.050048828125,6302640,1737.64990234375,1741.9250122070312,26.381009980407768,-0.16205254713356806
2022-12-23,3228.35009765625,1360281,1497.0999755859375,6283822,1731.2501220703125,1742.705029296875,25.88470230518233,-0.4425357916621312
2022-12-26,3252.89990234375,870157,1502.4000244140625,4115459,1750.4998779296875,1743.8300170898438,25.962209252155088,0.2569065203605542
2022-12-27,3259.5,835883,1514.8499755859375,4860076,1744.6500244140625,1742.3000122070312,25.350287825490344,0.09270159862517795
2022-12-28,3257.10009765625,910795,1510.1500244140625,5029860,1746.9500732421875,1738.4000122070313,20.40677740026145,0.41898144265770554
2022-12-29,3268.75,1037927,1517.550048828125,4624745,1751.199951171875,1737.0599975585938,18.877872532416216,0.7490226236563877
2022-12-30,3256.699951171875,1163131,1508.199951171875,5060544,1748.5,1740.1049926757812,17.90140340444775,0.46895805510605876
